start,first_date,last_date,card_diff,cpf_diff
0,2012-08-18,2013-09-28,0.057065956066044324,0.014448297118620623
10,2012-08-22,2013-10-06,-0.008015488696353228,0.006899849109288878
20,2012-09-01,2013-10-19,-0.02359645677065921,0.005258579682212522
30,2012-09-15,2013-10-27,0.028710454795642812,0.008357419458889605
40,2012-09-22,2013-11-02,-0.0010831636467628428,0.004916302652416736
50,2012-09-29,2013-11-10,0.008214893561124412,0.0053833225045043665
60,2012-10-06,2013-11-23,-0.050389608019778105,0.00014379655349074268
70,2012-10-20,2013-12-01,-0.0560942962106324,-0.0004950645403665327
80,2012-10-27,2013-12-04,-0.08968045687314495,-0.003978035942276585
90,2012-11-03,2013-12-07,-0.05485163647324849,-0.000665054914128267
100,2012-11-10,2013-12-14,-0.041828565949717025,0.002544589106942504
110,2012-11-17,2013-12-21,-0.08087379291688114,-0.0015471854588405783
120,2012-11-24,2013-12-26,-0.10567210254333227,-0.004690170676554283
130,2012-11-27,2013-12-29,-0.16548367148603932,-0.007359075869537492
140,2012-12-01,2014-01-01,-0.17786469604223684,-0.008178597461558142
150,2012-12-08,2014-01-11,-0.17910215516167133,-0.010744241281168897
160,2012-12-15,2014-01-18,-0.17950238716325273,-0.01226167905251014
170,2012-12-22,2014-01-29,-0.16853674513835698,-0.011045070951169968
180,2012-12-26,2014-02-01,-0.14888076160802283,-0.007141368412190877
190,2012-12-29,2014-02-08,-0.08550480614130279,-0.003071735961970713
200,2013-01-01,2014-02-12,-0.05389077632692646,-0.0006938798287642171
210,2013-01-12,2014-02-23,-0.06655719339678054,-0.004591459549765828
220,2013-01-19,2014-03-08,-0.07227050000174007,-0.0036670614079656427
230,2013-01-29,2014-03-15,-0.05187745869664672,-0.002225783170260233
240,2013-02-02,2014-03-22,0.0024071723835325243,0.003593768087543291
250,2013-02-09,2014-03-29,-0.03319181709304952,0.0019324985167038533
260,2013-02-17,2014-04-05,-0.04301216550597381,0.003072690268249324
270,2013-03-02,2014-04-12,-0.05088936204932325,0.0008114721578502632
280,2013-03-09,2014-04-16,-0.06275131660661475,0.0015610762294629103
290,2013-03-16,2014-04-21,-0.07272329814246353,-0.0010096500279280752
300,2013-03-30,2014-04-28,-0.0740131378717763,-0.0001797450510482039
310,2013-04-07,2014-05-05,-0.03463874287227327,0.004648111502356067
320,2013-04-13,2014-05-11,-0.05428876148043041,0.004703594921985266
330,2013-04-20,2014-08-16,-0.050347376936559954,0.005061878676093289
340,2013-04-27,2014-08-24,-0.01258684501297282,0.0076637860372734306
350,2013-05-04,2014-08-30,-0.0005972917337954617,0.008216553799561259
360,2013-05-11,2014-09-13,0.02266656079197643,0.010661530887259135
370,2013-05-19,2014-09-21,0.014185268968566343,0.008211091902628542
380,2013-08-17,2014-09-27,0.031250388893461094,0.007089939271736341
390,2013-08-21,2014-10-05,0.04395849883180318,0.007482152599284454
400,2013-08-26,2014-10-18,0.04762572143225279,0.008633487191904201
410,2013-09-14,2014-10-26,0.03001444108245759,0.008490484827464574
420,2013-09-21,2014-11-01,-0.0009686778016575609,0.00580918658109208
430,2013-09-28,2014-11-09,0.0001555380440832945,0.004571397305935339
440,2013-10-05,2014-11-22,0.021439173147236357,0.008563114379027278
450,2013-10-19,2014-11-29,0.04254223775698891,0.010295855845788786
460,2013-10-26,2014-12-03,0.03351974295692514,0.0095989874588659
470,2013-11-02,2014-12-06,-0.0020825860549550466,0.007027116311384883
480,2013-11-09,2014-12-13,0.018459254788854344,0.00854642873637549
490,2013-11-23,2014-12-20,-0.002297796463271182,0.006441198541465224
500,2013-11-30,2014-12-26,0.02942660742430201,0.008347559854140044
510,2013-12-03,2014-12-28,0.018656889061181774,0.008548634034396272
520,2013-12-07,2015-01-01,0.034000037060610076,0.010863912747718774
530,2013-12-14,2015-01-10,0.007329332117947599,0.007538354325669451
540,2013-12-21,2015-01-17,0.04590351948163765,0.00934387530577874
550,2013-12-26,2015-01-31,0.0398497832215013,0.01127758541378537
560,2013-12-28,2015-02-07,0.05177180212681771,0.012068888001491885
570,2014-01-01,2015-02-11,0.09077312362077686,0.013880228736887061
580,2014-01-11,2015-02-21,0.14205758286869555,0.017806046404952154
590,2014-01-18,2015-03-01,0.13879374914634302,0.01638511630052102
600,2014-01-28,2015-03-04,0.16951374961351923,0.020518396533734114
610,2014-02-01,2015-03-15,0.17916132934980672,0.018882864352263093
620,2014-02-08,2015-03-22,0.18881893416730494,0.01918651551526436
630,2014-02-11,2015-04-05,0.18346121787445194,0.01655728471253447
640,2014-02-22,2015-04-11,0.1420825075006646,0.014414793503278834
650,2014-03-01,2015-04-19,0.1473753136873386,0.015133369235424817
660,2014-03-08,2015-04-26,0.11605666814649022,0.013424730424390323
670,2014-03-16,2015-05-03,0.09406692197565555,0.011306089545516066
680,2014-03-23,2015-05-10,0.10141981695968419,0.009823675980685374
690,2014-03-29,2015-05-17,0.0711503266019819,0.007259973934963124
700,2014-04-05,2015-05-24,0.04840374527158513,0.006581108269388
710,2014-04-12,2015-08-09,0.06858085048416786,0.00877502891067707
720,2014-04-19,2015-08-15,0.06473586700517042,0.008637279044162973
730,2014-04-26,2015-08-23,0.07027196977453859,0.009876887374874209
740,2014-05-03,2015-08-29,0.06578141562993385,0.007285517020156231
750,2014-05-11,2015-09-12,0.04376865499928745,0.00446625738834991
760,2014-08-16,2015-09-19,0.06443473635566942,0.005721595834658327
770,2014-08-23,2015-09-26,0.030116756579620325,0.002118075568961825
780,2014-08-30,2015-10-03,0.032237308797259445,0.003077452356554479
790,2014-09-13,2015-10-17,0.021317368987981575,0.0008140610548535432
800,2014-09-20,2015-10-25,0.03994312038275831,0.0014890247146248162
810,2014-09-27,2015-10-31,0.037203760535347866,-0.0004934636587807361
820,2014-10-04,2015-11-07,0.03626505241368478,0.00017136460326933837
830,2014-10-18,2015-11-21,0.03799760629465572,-0.001299261948763085
840,2014-10-25,2015-11-29,0.024218176495690698,-0.0030058252829385703
850,2014-11-01,2015-12-05,0.019377989466355112,-0.005578282893114414
860,2014-11-08,2015-12-13,0.003731277473011479,-0.008404257533771603
870,2014-11-22,2015-12-19,-0.010917708082946578,-0.00972461858969329
880,2014-11-29,2015-12-26,-3.694331804176762e-05,-0.009854533854884419
890,2014-12-02,2015-12-28,-0.0013608399528205611,-0.011346692292189575
900,2014-12-06,2016-01-02,0.0011975236261666487,-0.011280107898301504
910,2014-12-13,2016-01-13,-0.0012358911908670993,-0.010246969425061285
920,2014-12-20,2016-01-16,-0.0015558979830187294,-0.009491386188685173
930,2014-12-26,2016-01-23,0.013149316710271183,-0.009163827644839063
940,2014-12-28,2016-02-02,0.010298781204777119,-0.010627707753948407
950,2015-01-01,2016-02-06,0.011305137861118877,-0.01145739745034666
960,2015-01-10,2016-02-13,0.060026075513272416,-0.009586863568617156
970,2015-01-17,2016-02-28,0.04085161890920398,-0.01203873662536994
980,2015-01-31,2016-03-02,0.033447793050838656,-0.0126179493278788
990,2015-02-07,2016-03-06,0.0626693807547736,-0.010139522102839034
1000,2015-02-10,2016-03-19,0.04746671979407528,-0.01117657977149834
1010,2015-02-21,2016-04-02,0.029656870951161245,-0.012092585737563662
1020,2015-02-28,2016-04-09,-0.015886178780806164,-0.014868715400287426
1030,2015-03-03,2016-04-16,-0.03362218202836967,-0.014571238050033691
1040,2015-03-14,2016-04-20,-0.03416357367426199,-0.015008628130980861
1050,2015-03-21,2016-04-30,-0.05656430241142026,-0.016073217433074313
1060,2015-04-04,2016-05-07,-0.05630774004098314,-0.017000970094007632
1070,2015-04-11,2016-05-10,-0.08685311853713384,-0.019417676459875265
1080,2015-04-18,2016-05-15,-0.06367826872964771,-0.01839575536049362
1090,2015-04-25,2016-08-13,-0.06455888122167484,-0.020400744354320384
1100,2015-05-02,2016-08-20,-0.06177003051686102,-0.019279015099039405
1110,2015-05-09,2016-08-27,-0.06908933363378995,-0.017313323340139207
1120,2015-05-16,2016-09-10,-0.07144978782876152,-0.017506061589103387
1130,2015-05-24,2016-09-18,-0.060544487629000984,-0.016750755110207485
1140,2015-08-08,2016-09-24,-0.004444989007951674,-0.014726820558783127
1150,2015-08-14,2016-10-02,-0.011300816612573917,-0.014304145280893538
1160,2015-08-22,2016-10-15,-0.0064312688330841646,-0.01438950759181365
1170,2015-08-29,2016-10-22,-0.006217415110563958,-0.014842863384244119
1180,2015-09-12,2016-10-29,0.026782240366248877,-0.012029691290183853
1190,2015-09-19,2016-11-06,0.040889922051581346,-0.010955732244835861
1200,2015-09-26,2016-11-19,0.02741176540186538,-0.010418638888116725
1210,2015-10-03,2016-11-27,0.04686155099862062,-0.011383060443422636
1220,2015-10-17,2016-12-03,0.01157671662017656,-0.014339714787632267
1230,2015-10-24,2016-12-11,0.02845420961478608,-0.013273753327418609
1240,2015-10-31,2016-12-14,0.024944251978420744,-0.013561569120617048
1250,2015-11-07,2016-12-18,0.04708249484517604,-0.010618514283912335
1260,2015-11-21,2016-12-26,0.005044238795402337,-0.014443216304179161
1270,2015-11-28,2016-12-31,0.01187590640693441,-0.013000409545776942
1280,2015-12-05,2017-01-03,0.00013534773648534674,-0.014005569055434562
1290,2015-12-12,2017-01-14,-0.003169235812861833,-0.011139387217024394
1300,2015-12-19,2017-01-21,0.00923678058706114,-0.009706672095058025
1310,2015-12-26,2017-01-31,0.008359800504460342,-0.009673667460030046
1320,2015-12-28,2017-02-04,-0.01394157419024707,-0.010192187322741969
1330,2016-01-02,2017-02-11,-0.01864451613829183,-0.01132394611114436
1340,2016-01-12,2017-02-26,-0.010980884434399912,-0.010918819899152426
1350,2016-01-16,2017-03-05,-0.003988142979493306,-0.011945070960736244
1360,2016-01-23,2017-03-18,-0.013909987112489454,-0.011897709606377219
1370,2016-02-02,2017-04-01,-0.037389081593422684,-0.012722114227968814
1380,2016-02-06,2017-04-04,-0.012208868437690402,-0.010423339025632996
1390,2016-02-13,2017-04-08,-0.021261369769240708,-0.010277980905821871
1400,2016-02-27,2017-04-15,-0.03160174108672116,-0.009541694000264972
1410,2016-03-01,2017-04-22,-0.024861185872893578,-0.009930217768460469
1420,2016-03-05,2017-04-29,-0.04752122641413779,-0.012638520159680627
1430,2016-03-12,2017-05-06,-0.0542316659636356,-0.013683661629778215
1440,2016-03-20,2017-05-12,-0.04654891603460387,-0.010242839686961274
1450,2016-04-02,2017-05-16,-0.05077435766726975,-0.011459641591881198
1460,2016-04-10,2017-05-21,-0.044183190252067316,-0.012048781836853841
1470,2016-04-17,2017-08-12,-0.038918521745874984,-0.010622874513505954
1480,2016-04-23,2017-08-19,-0.042671548237373624,-0.010333239350707046
1490,2016-04-30,2017-08-27,-0.025341848405736417,-0.00808580657342463
1500,2016-05-07,2017-09-09,-0.04787419427579487,-0.008104688753853739
1510,2016-05-15,2017-09-16,-0.0440618315272692,-0.007078318556384145
1520,2016-08-13,2017-09-23,-0.031607563582894974,-0.006360400150927346
1530,2016-08-19,2017-09-30,-0.0408199257815581,-0.007239787322265331
1540,2016-08-27,2017-10-14,-0.007564346711012707,-0.005703269655761239
1550,2016-09-10,2017-10-21,-0.01735439033126976,-0.006805388517935009
1560,2016-09-16,2017-10-28,-0.020517399695348604,-0.008062741492802405
1570,2016-09-24,2017-11-05,-0.03418736311838014,-0.009350829385423576
1580,2016-09-30,2017-11-18,-0.045265886634457006,-0.010229624421096628
1590,2016-10-15,2017-11-25,-0.01980425239729193,-0.007597566721833872
1600,2016-10-22,2017-11-29,-0.05233147091147908,-0.010440579000017897
1610,2016-10-29,2017-12-02,-0.07674700557271194,-0.010619046159144423
1620,2016-11-05,2017-12-09,-0.11547738168757646,-0.01588743885418345
1630,2016-11-19,2017-12-13,-0.15649838079784517,-0.017974101501357656
1640,2016-11-26,2017-12-16,-0.1596791785182084,-0.01946248364941098
1650,2016-12-03,2017-12-23,-0.15784316145261748,-0.017167031562489846
1660,2016-12-10,2017-12-26,-0.12752063697554072,-0.014339818345526107
1670,2016-12-13,2017-12-30,-0.13853665393238973,-0.013906039841129987
1680,2016-12-17,2018-01-02,-0.1743821933113171,-0.016270368327394293
1690,2016-12-26,2018-01-13,-0.15762355134590653,-0.013914001087433512
1700,2016-12-30,2018-01-20,-0.1634981519185409,-0.014151114608147664
1710,2017-01-02,2018-01-31,-0.1011328315748614,-0.009430175771994415
1720,2017-01-14,2018-02-03,-0.12599197793423575,-0.013154604737751378
1730,2017-01-21,2018-02-11,-0.11913988025187153,-0.012317373288297129
1740,2017-01-31,2018-02-24,-0.09980922015066507,-0.010822786355376096
1750,2017-02-04,2018-03-03,-0.0934120160589375,-0.008596286766111563
1760,2017-02-11,2018-03-10,-0.05891791580073465,-0.004412077271492744
1770,2017-02-25,2018-03-31,-0.046188660310274854,-0.0029396056285779727
1780,2017-03-04,2018-04-07,-0.024677848036528144,-0.0005569874155115177
1790,2017-03-11,2018-04-14,-0.04526696317250338,0.00018339877153781235
1800,2017-03-19,2018-04-19,-0.04997670457665772,-0.001458845648746744
1810,2017-04-01,2018-04-28,-0.04324329531667234,-0.0008222193850695018
1820,2017-04-05,2018-05-05,-0.060212924764435925,-0.0019145963931452227
1830,2017-04-09,2018-05-09,-0.08417834289028084,-0.002378344271596752
1840,2017-04-16,2018-05-13,-0.11061151617022463,-0.0053958455231107585
1850,2017-04-26,2018-08-11,-0.0980415592592682,-0.0030339740969809762
1860,2017-04-30,2018-08-19,-0.0873910015908024,-0.002338264042868789
1870,2017-05-06,2018-08-26,-0.052439044397637226,0.0024512147303354685
1880,2017-05-13,2018-09-01,-0.07168979726892998,-0.0013022116845623306
1890,2017-05-21,2018-09-15,-0.051021443300999406,0.00010969547040813165
1900,2017-08-11,2018-09-22,-0.03162058616592579,0.0027864118321466753
1910,2017-08-19,2018-09-29,-0.028620501858037245,0.0008718567959352655
1920,2017-08-26,2018-10-06,-0.05243628493200628,-0.0011054440724634637
1930,2017-09-09,2018-10-20,-0.06256952563345494,-0.002487369941253606
1940,2017-09-15,2018-10-28,-0.080670880168421,-0.0013716193469506133
1950,2017-09-23,2018-11-03,-0.03678955596702436,0.0022529572267494654
1960,2017-09-30,2018-11-11,-0.049735101221711826,0.004042925401325703
1970,2017-10-14,2018-11-24,-0.02953988431814425,0.004301627147689451
1980,2017-10-20,2018-12-01,-0.03631576319722119,0.0015604757586238811
1990,2017-10-28,2018-12-05,-0.0237396489402402,0.002820867132725752
2000,2017-11-04,2018-12-08,-0.045319872464603096,0.0016540615428511608
2010,2017-11-18,2018-12-15,-0.06567993227637944,0.0010109727143107414
2020,2017-11-24,2018-12-22,-0.03430259706879234,0.00590899604977012
2030,2017-11-28,2018-12-26,-0.02988490230053538,0.004406297526454455
2040,2017-12-02,2018-12-30,-0.032838853002621585,0.0022121661982077634
2050,2017-12-09,2019-01-02,0.03175694930183273,0.006986199244734364
2060,2017-12-12,2019-01-12,0.058393127605049784,0.009544406506876494
2070,2017-12-16,2019-01-19,0.056335974879328454,0.010693928716246592
2080,2017-12-22,2019-01-30,0.0764537336313533,0.015308359995399933
2090,2017-12-26,2019-02-02,0.09966518766795214,0.018517691327738346
2100,2017-12-30,2019-02-09,0.04638256571232421,0.01819079113292691
2110,2018-01-01,2019-02-23,0.06240285381370126,0.01695658040435433
2120,2018-01-13,2019-02-27,0.09528338751970782,0.020475596827914663
2130,2018-01-20,2019-03-03,0.07309391624796133,0.018207570599416106
2140,2018-01-30,2019-03-10,0.05253024161800468,0.01772376688965909
2150,2018-02-03,2019-03-30,0.039644243626488954,0.01550202848876861
2160,2018-02-10,2019-04-03,0.08049752416156329,0.019281336482878966
2170,2018-02-24,2019-04-13,0.09105858527009432,0.02160592287499848
2180,2018-03-03,2019-04-20,0.08556923771571123,0.020717557021228402
2190,2018-03-10,2019-04-23,0.07382039567910467,0.020637277190853363
2200,2018-03-17,2019-04-27,0.041378409834930144,0.016387372802658357
2210,2018-03-31,2019-05-05,0.0562965136949536,0.0175979912106881
2220,2018-04-07,2019-05-12,0.017358585668547866,0.01563267284599309
