check,outcome,coef,se_cluster,ci_low,ci_high,p_cluster,p_bootstrap,mde,matches,ghost_matches,referees
1. season FE,card_diff,-0.2711875566620327,0.18989392369921418,-0.6433728079954895,0.10099769467142411,0.1532630104941896,0.18851885188518852,0.5317029863577997,2280,437,33
2. no partial,card_diff,-0.22468942750266357,0.07477847550149697,-0.3712525463044084,-0.07812630870091877,0.0026581320708453297,0.0092009200920092,0.2093797314041915,2245,437,33
3. VAR seasons only,card_diff,-0.23704982088214,0.07763066517359944,-0.3892031287182828,-0.08489651304599721,0.0022614420395091197,0.0093009300930093,0.21736586248607842,1520,437,29
4. 2020/21 ghost only,card_diff,-0.22569776650736562,0.07754618091133002,-0.3776854882321999,-0.07371004478253135,0.0036085681945908768,0.0089008900890089,0.21712930655172405,2188,345,33
main,card_diff,-0.2250219663557042,0.07466815040739011,-0.37136885194640856,-0.07867508076499982,0.0025814483115362565,0.0089008900890089,0.2090708211406923,2280,437,33
1. season FE,cpf_diff,-0.02515756761845349,0.017404681402167898,-0.05927011632909666,0.00895498109218968,0.1483319972665174,0.1787178717871787,0.048733107926070114,2265,435,33
2. no partial,cpf_diff,-0.008169145632737893,0.008440860678688563,-0.024712928561487792,0.008374637296012007,0.3331394900213185,0.38163816381638166,0.023634409900327977,2231,435,33
3. VAR seasons only,cpf_diff,-0.009735844531250613,0.008801013898078995,-0.026985514798921913,0.007513825736420687,0.26863195055618505,0.2899289928992899,0.024642838914621185,1509,435,29
4. 2020/21 ghost only,cpf_diff,-0.005427145974458946,0.008709799988927366,-0.022498040265303946,0.011643748316386055,0.5332135587539077,0.5755575557555755,0.024387439968996623,2173,343,33
main,cpf_diff,-0.008219959554497988,0.008415829648049818,-0.02471468256470003,0.008274763455704055,0.3287048241121583,0.3777377737773777,0.02356432301453949,2265,435,33
